{
    "AM-DSB_AM radio": {
        "precision": 0.7687210072895958,
        "recall": 0.09206349206349207,
        "f1-score": 0.16443404918846127,
        "support": 12600
    },
    "AM-SSB_AM radio": {
        "precision": 0.37566037735849056,
        "recall": 0.9480952380952381,
        "f1-score": 0.538108108108108,
        "support": 12600
    },
    "ASK_short-range": {
        "precision": 0.8156642146257032,
        "recall": 0.2992063492063492,
        "f1-score": 0.4378121008013006,
        "support": 12600
    },
    "BPSK_SATCOM": {
        "precision": 0.9997619425488018,
        "recall": 0.9999206349206349,
        "f1-score": 0.9998412824379017,
        "support": 12600
    },
    "FMCW_Radar Altimeter": {
        "precision": 0.9999206412189509,
        "recall": 1.0,
        "f1-score": 0.999960319034959,
        "support": 12600
    },
    "PULSED_Air-Ground-MTI": {
        "precision": 0.9907741676694746,
        "recall": 0.9801587301587301,
        "f1-score": 0.9854378615599442,
        "support": 12600
    },
    "PULSED_Airborne-detection": {
        "precision": 0.9999206412189509,
        "recall": 1.0,
        "f1-score": 0.999960319034959,
        "support": 12600
    },
    "PULSED_Airborne-range": {
        "precision": 1.0,
        "recall": 1.0,
        "f1-score": 1.0,
        "support": 12600
    },
    "PULSED_Ground mapping": {
        "precision": 1.0,
        "recall": 1.0,
        "f1-score": 1.0,
        "support": 12600
    },
    "accuracy": 0.8132716049382716,
    "macro avg": {
        "precision": 0.883380332436663,
        "recall": 0.8132716049382717,
        "f1-score": 0.7917282266850704,
        "support": 113400
    },
    "weighted avg": {
        "precision": 0.8833803324366631,
        "recall": 0.8132716049382716,
        "f1-score": 0.7917282266850705,
        "support": 113400
    }
}